Store_ID,Store_Name,Company,City,Zone,Size_SqFt,Month,Month_Num,Daily_Orders,Monthly_Orders,Avg_Order_Value,Revenue,COGS,Gross_Profit,Rent,Staff_Cost,Delivery_Cost,Inventory_Waste,Discounts,Utilities,Total_Operating_Cost,Contribution_Margin,CM_Per_Order,Profitable
BLR-01,Koramangala Central,Blinkit,Bangalore,South,650,2024-01,1,787,23610,374,8830140,5267194.0,3562946.0,185000,218513,356896.0,380815.0,372809.0,42870,1556903.0,2006043.0,84.97,Yes
BLR-01,Koramangala Central,Blinkit,Bangalore,South,650,2024-02,2,782,23460,334,7835640,4559613.0,3276027.0,185000,184561,369474.0,550084.0,162951.0,31515,1483584.0,1792442.0,76.4,Yes
BLR-01,Koramangala Central,Blinkit,Bangalore,South,650,2024-03,3,830,24900,369,9188100,5629517.0,3558583.0,185000,217787,438082.0,525701.0,423379.0,49864,1839812.0,1718771.0,69.03,Yes
BLR-01,Koramangala Central,Blinkit,Bangalore,South,650,2024-04,4,847,25410,369,9376290,5676002.0,3700288.0,185000,232842,387346.0,992537.0,282206.0,28039,2107970.0,1592318.0,62.67,Yes
BLR-01,Koramangala Central,Blinkit,Bangalore,South,650,2024-05,5,767,23010,325,7478250,4717651.0,2760599.0,185000,229342,470716.0,696174.0,269866.0,37403,1888501.0,872097.0,37.9,Yes
BLR-01,Koramangala Central,Blinkit,Bangalore,South,650,2024-06,6,710,21300,317,6752100,4252231.0,2499869.0,185000,254800,396581.0,614654.0,144324.0,32467,1627826.0,872042.0,40.94,Yes
BLR-01,Koramangala Central,Blinkit,Bangalore,South,650,2024-07,7,774,23220,290,6733800,4251176.0,2482624.0,185000,186476,395692.0,486374.0,303178.0,30329,1587049.0,895575.0,38.57,Yes
BLR-01,Koramangala Central,Blinkit,Bangalore,South,650,2024-08,8,704,21120,306,6462720,4008247.0,2454473.0,185000,178717,398599.0,322811.0,270619.0,30354,1386099.0,1068374.0,50.59,Yes
BLR-01,Koramangala Central,Blinkit,Bangalore,South,650,2024-09,9,782,23460,314,7366440,4709891.0,2656549.0,185000,217570,456928.0,758962.0,318820.0,32505,1969785.0,686764.0,29.27,Yes
BLR-01,Koramangala Central,Blinkit,Bangalore,South,650,2024-10,10,1063,31890,320,10204800,6164412.0,4040388.0,185000,177350,500286.0,1067363.0,472391.0,35311,2437700.0,1602687.0,50.26,Yes
BLR-01,Koramangala Central,Blinkit,Bangalore,South,650,2024-11,11,919,27570,343,9456510,5709254.0,3747256.0,185000,280285,417492.0,438217.0,400480.0,42661,1764135.0,1983121.0,71.93,Yes
BLR-01,Koramangala Central,Blinkit,Bangalore,South,650,2024-12,12,745,22350,354,7911900,4792286.0,3119614.0,185000,264700,377625.0,861074.0,191072.0,41171,1920641.0,1198973.0,53.65,Yes
BLR-02,Indiranagar Hub,Blinkit,Bangalore,East,580,2024-01,1,366,10980,294,3228120,1901913.0,1326207.0,165000,201938,223296.0,210464.0,70715.0,37504,908917.0,417290.0,38.0,Yes
BLR-02,Indiranagar Hub,Blinkit,Bangalore,East,580,2024-02,2,353,10590,339,3590010,2196177.0,1393833.0,165000,163009,205894.0,161960.0,167092.0,49604,912559.0,481274.0,45.45,Yes
BLR-02,Indiranagar Hub,Blinkit,Bangalore,East,580,2024-03,3,296,8880,362,3214560,1930056.0,1284504.0,165000,236939,155206.0,220889.0,156274.0,53699,988007.0,296498.0,33.39,Yes
BLR-02,Indiranagar Hub,Blinkit,Bangalore,East,580,2024-04,4,330,9900,344,3405600,2130944.0,1274656.0,165000,293085,210880.0,350460.0,98604.0,45937,1163965.0,110690.0,11.18,Yes
BLR-02,Indiranagar Hub,Blinkit,Bangalore,East,580,2024-05,5,314,9420,305,2873100,1692745.0,1180355.0,165000,202349,172528.0,259727.0,103175.0,25018,927796.0,252559.0,26.81,Yes
BLR-02,Indiranagar Hub,Blinkit,Bangalore,East,580,2024-06,6,321,9630,342,3293460,1914056.0,1379404.0,165000,255153,202517.0,305866.0,96253.0,26898,1051686.0,327718.0,34.03,Yes
BLR-02,Indiranagar Hub,Blinkit,Bangalore,East,580,2024-07,7,270,8100,352,2851200,1815693.0,1035507.0,165000,182453,160828.0,286739.0,140677.0,42455,978152.0,57356.0,7.08,Yes
BLR-02,Indiranagar Hub,Blinkit,Bangalore,East,580,2024-08,8,307,9210,296,2726160,1689088.0,1037072.0,165000,203287,148469.0,278179.0,89129.0,31940,916005.0,121067.0,13.15,Yes
BLR-02,Indiranagar Hub,Blinkit,Bangalore,East,580,2024-09,9,346,10380,376,3902880,2434600.0,1468280.0,165000,212730,204523.0,262642.0,156703.0,37236,1038835.0,429445.0,41.37,Yes
BLR-02,Indiranagar Hub,Blinkit,Bangalore,East,580,2024-10,10,386,11580,346,4006680,2432412.0,1574268.0,165000,224986,182936.0,244628.0,150849.0,32540,1000939.0,573329.0,49.51,Yes
BLR-02,Indiranagar Hub,Blinkit,Bangalore,East,580,2024-11,11,400,12000,280,3360000,1963112.0,1396888.0,165000,175433,189978.0,331080.0,153851.0,27321,1042663.0,354224.0,29.52,Yes
BLR-02,Indiranagar Hub,Blinkit,Bangalore,East,580,2024-12,12,315,9450,315,2976750,1845998.0,1130752.0,165000,216160,173066.0,270997.0,138334.0,43881,1007438.0,123314.0,13.05,Yes
BLR-03,HSR Layout Store,Zepto,Bangalore,South,500,2024-01,1,522,15660,340,5324400,3346118.0,1978282.0,145000,209914,231057.0,465371.0,163081.0,38470,1252893.0,725389.0,46.32,Yes
BLR-03,HSR Layout Store,Zepto,Bangalore,South,500,2024-02,2,552,16560,373,6176880,3602667.0,2574213.0,145000,185799,239870.0,530981.0,271893.0,28580,1402123.0,1172090.0,70.78,Yes
BLR-03,HSR Layout Store,Zepto,Bangalore,South,500,2024-03,3,475,14250,304,4332000,2651951.0,1680049.0,145000,196747,247595.0,247760.0,119105.0,27470,983676.0,696373.0,48.87,Yes
BLR-03,HSR Layout Store,Zepto,Bangalore,South,500,2024-04,4,499,14970,350,5239500,3069690.0,2169810.0,145000,163868,325627.0,525420.0,238192.0,30449,1428557.0,741254.0,49.52,Yes
BLR-03,HSR Layout Store,Zepto,Bangalore,South,500,2024-05,5,494,14820,341,5053620,2995911.0,2057709.0,145000,265130,314474.0,238943.0,101399.0,37793,1102739.0,954969.0,64.44,Yes
BLR-03,HSR Layout Store,Zepto,Bangalore,South,500,2024-06,6,477,14310,380,5437800,3410087.0,2027713.0,145000,234776,248766.0,596350.0,271143.0,43211,1539246.0,488468.0,34.13,Yes
BLR-03,HSR Layout Store,Zepto,Bangalore,South,500,2024-07,7,483,14490,342,4955580,2920263.0,2035317.0,145000,237780,228096.0,195710.0,208492.0,26997,1042075.0,993242.0,68.55,Yes
BLR-03,HSR Layout Store,Zepto,Bangalore,South,500,2024-08,8,493,14790,287,4244730,2474714.0,1770016.0,145000,284987,266557.0,401711.0,104942.0,41640,1244838.0,525178.0,35.51,Yes
BLR-03,HSR Layout Store,Zepto,Bangalore,South,500,2024-09,9,455,13650,303,4135950,2415855.0,1720095.0,145000,177815,264833.0,213138.0,97594.0,54172,952552.0,767543.0,56.23,Yes
BLR-03,HSR Layout Store,Zepto,Bangalore,South,500,2024-10,10,643,19290,354,6828660,4204209.0,2624451.0,145000,181491,334755.0,546718.0,243670.0,33544,1485178.0,1139273.0,59.06,Yes
BLR-03,HSR Layout Store,Zepto,Bangalore,South,500,2024-11,11,587,17610,371,6533310,3912479.0,2620831.0,145000,229629,302298.0,550106.0,189465.0,35360,1451858.0,1168972.0,66.38,Yes
BLR-03,HSR Layout Store,Zepto,Bangalore,South,500,2024-12,12,558,16740,289,4837860,2808663.0,2029197.0,145000,186209,244171.0,240361.0,135247.0,36436,987425.0,1041773.0,62.23,Yes
BLR-04,Whitefield Express,Zepto,Bangalore,East,450,2024-01,1,278,8340,327,2727180,1628397.0,1098783.0,120000,274867,172387.0,235181.0,104588.0,51447,958471.0,140312.0,16.82,Yes
BLR-04,Whitefield Express,Zepto,Bangalore,East,450,2024-02,2,264,7920,281,2225520,1379982.0,845538.0,120000,238480,169916.0,99953.0,103139.0,33666,765154.0,80384.0,10.15,Yes
BLR-04,Whitefield Express,Zepto,Bangalore,East,450,2024-03,3,210,6300,293,1845900,1152848.0,693052.0,120000,200749,101926.0,152844.0,76657.0,31671,683848.0,9205.0,1.46,Yes
BLR-04,Whitefield Express,Zepto,Bangalore,East,450,2024-04,4,242,7260,313,2272380,1386889.0,885491.0,120000,225829,154222.0,224028.0,51740.0,38879,814697.0,70793.0,9.75,Yes
BLR-04,Whitefield Express,Zepto,Bangalore,East,450,2024-05,5,250,7500,285,2137500,1240205.0,897295.0,120000,194293,143227.0,113398.0,90281.0,43077,704276.0,193019.0,25.74,Yes
BLR-04,Whitefield Express,Zepto,Bangalore,East,450,2024-06,6,243,7290,351,2558790,1485583.0,1073207.0,120000,179724,157175.0,212323.0,62618.0,26180,758020.0,315187.0,43.24,Yes
BLR-04,Whitefield Express,Zepto,Bangalore,East,450,2024-07,7,230,6900,354,2442600,1497684.0,944916.0,120000,272666,103635.0,145262.0,114728.0,51087,807377.0,137539.0,19.93,Yes
BLR-04,Whitefield Express,Zepto,Bangalore,East,450,2024-08,8,237,7110,285,2026350,1284575.0,741775.0,120000,215070,138336.0,179882.0,62027.0,43346,758661.0,-16886.0,-2.37,No
BLR-04,Whitefield Express,Zepto,Bangalore,East,450,2024-09,9,253,7590,332,2519880,1608768.0,911112.0,120000,200515,162472.0,142229.0,62682.0,51210,739108.0,172004.0,22.66,Yes
BLR-04,Whitefield Express,Zepto,Bangalore,East,450,2024-10,10,311,9330,332,3097560,1801191.0,1296369.0,120000,247080,189017.0,197060.0,124204.0,49086,926447.0,369921.0,39.65,Yes
BLR-04,Whitefield Express,Zepto,Bangalore,East,450,2024-11,11,311,9330,314,2929620,1727163.0,1202457.0,120000,188336,159173.0,111656.0,99961.0,31539,710664.0,491793.0,52.71,Yes
BLR-04,Whitefield Express,Zepto,Bangalore,East,450,2024-12,12,249,7470,338,2524860,1517389.0,1007471.0,120000,219662,117902.0,211227.0,80679.0,34129,783599.0,223872.0,29.97,Yes
BLR-05,Jayanagar Store,Blinkit,Bangalore,South,420,2024-01,1,264,7920,315,2494800,1499546.0,995254.0,130000,293537,136204.0,266526.0,90029.0,25904,942199.0,53054.0,6.7,Yes
BLR-05,Jayanagar Store,Blinkit,Bangalore,South,420,2024-02,2,215,6450,313,2018850,1192563.0,826287.0,130000,229590,92274.0,156928.0,61314.0,50769,720874.0,105412.0,16.34,Yes
BLR-05,Jayanagar Store,Blinkit,Bangalore,South,420,2024-03,3,206,6180,357,2206260,1409920.0,796340.0,130000,190315,105564.0,182148.0,60985.0,48225,717237.0,79103.0,12.8,Yes
BLR-05,Jayanagar Store,Blinkit,Bangalore,South,420,2024-04,4,212,6360,346,2200560,1398532.0,802028.0,130000,211651,107572.0,95655.0,87862.0,35819,668559.0,133469.0,20.99,Yes
BLR-05,Jayanagar Store,Blinkit,Bangalore,South,420,2024-05,5,222,6660,364,2424240,1529407.0,894833.0,130000,238727,120259.0,214158.0,72207.0,47846,823198.0,71635.0,10.76,Yes
BLR-05,Jayanagar Store,Blinkit,Bangalore,South,420,2024-06,6,205,6150,296,1820400,1076786.0,743614.0,130000,259390,119424.0,181262.0,70023.0,34861,794960.0,-51346.0,-8.35,No
BLR-05,Jayanagar Store,Blinkit,Bangalore,South,420,2024-07,7,194,5820,280,1629600,974880.0,654720.0,130000,215098,101496.0,126343.0,64599.0,40236,677771.0,-23051.0,-3.96,No
BLR-05,Jayanagar Store,Blinkit,Bangalore,South,420,2024-08,8,195,5850,366,2141100,1269291.0,871809.0,130000,284042,119047.0,222354.0,90095.0,46589,892127.0,-20318.0,-3.47,No
BLR-05,Jayanagar Store,Blinkit,Bangalore,South,420,2024-09,9,194,5820,345,2007900,1244559.0,763341.0,130000,247867,85828.0,216852.0,54306.0,35171,770024.0,-6683.0,-1.15,No
BLR-05,Jayanagar Store,Blinkit,Bangalore,South,420,2024-10,10,252,7560,305,2305800,1357750.0,948050.0,130000,172114,120648.0,158879.0,104896.0,27386,713923.0,234127.0,30.97,Yes
BLR-05,Jayanagar Store,Blinkit,Bangalore,South,420,2024-11,11,267,8010,360,2883600,1772088.0,1111512.0,130000,260657,143820.0,158209.0,114426.0,25181,832293.0,279219.0,34.86,Yes
BLR-05,Jayanagar Store,Blinkit,Bangalore,South,420,2024-12,12,236,7080,378,2676240,1694402.0,981838.0,130000,271449,111515.0,265162.0,109398.0,40222,927746.0,54092.0,7.64,Yes
BLR-06,Hebbal North,Zepto,Bangalore,North,380,2024-01,1,207,6210,295,1831950,1112704.0,719246.0,110000,281803,120105.0,198670.0,69364.0,49748,829690.0,-110444.0,-17.78,No
BLR-06,Hebbal North,Zepto,Bangalore,North,380,2024-02,2,223,6690,358,2395020,1506229.0,888791.0,110000,292324,116499.0,254285.0,79940.0,30215,883263.0,5528.0,0.83,Yes
BLR-06,Hebbal North,Zepto,Bangalore,North,380,2024-03,3,196,5880,340,1999200,1213523.0,785677.0,110000,224812,121827.0,113194.0,86626.0,40879,697338.0,88339.0,15.02,Yes
BLR-06,Hebbal North,Zepto,Bangalore,North,380,2024-04,4,191,5730,315,1804950,1094508.0,710442.0,110000,234901,90969.0,109781.0,84455.0,27640,657746.0,52696.0,9.2,Yes
BLR-06,Hebbal North,Zepto,Bangalore,North,380,2024-05,5,169,5070,309,1566630,944650.0,621980.0,110000,200056,99632.0,63960.0,50489.0,42780,566918.0,55063.0,10.86,Yes
BLR-06,Hebbal North,Zepto,Bangalore,North,380,2024-06,6,184,5520,287,1584240,938520.0,645720.0,110000,270138,94479.0,143007.0,76648.0,25640,719913.0,-74193.0,-13.44,No
BLR-06,Hebbal North,Zepto,Bangalore,North,380,2024-07,7,185,5550,377,2092350,1285836.0,806514.0,110000,285037,77962.0,131427.0,89143.0,52965,746533.0,59981.0,10.81,Yes
BLR-06,Hebbal North,Zepto,Bangalore,North,380,2024-08,8,187,5610,333,1868130,1143843.0,724287.0,110000,217812,100452.0,106094.0,64580.0,37742,636680.0,87607.0,15.62,Yes
BLR-06,Hebbal North,Zepto,Bangalore,North,380,2024-09,9,178,5340,366,1954440,1227170.0,727270.0,110000,203265,110666.0,209042.0,96592.0,42502,772067.0,-44798.0,-8.39,No
BLR-06,Hebbal North,Zepto,Bangalore,North,380,2024-10,10,206,6180,330,2039400,1255278.0,784122.0,110000,167104,90670.0,139880.0,93824.0,30954,632432.0,151689.0,24.55,Yes
BLR-06,Hebbal North,Zepto,Bangalore,North,380,2024-11,11,207,6210,328,2036880,1221397.0,815483.0,110000,279196,103178.0,184855.0,63905.0,49641,790775.0,24708.0,3.98,Yes
BLR-06,Hebbal North,Zepto,Bangalore,North,380,2024-12,12,206,6180,333,2057940,1224755.0,833185.0,110000,181471,109772.0,183570.0,44374.0,36467,665654.0,167531.0,27.11,Yes
BLR-07,Electronic City,Blinkit,Bangalore,South,350,2024-01,1,280,8400,379,3183600,2029345.0,1154255.0,95000,170553,168284.0,353011.0,82713.0,25667,895228.0,259027.0,30.84,Yes
BLR-07,Electronic City,Blinkit,Bangalore,South,350,2024-02,2,278,8340,310,2585400,1519112.0,1066288.0,95000,189986,154388.0,130880.0,105960.0,50129,726343.0,339945.0,40.76,Yes
BLR-07,Electronic City,Blinkit,Bangalore,South,350,2024-03,3,238,7140,357,2548980,1571280.0,977700.0,95000,190024,144387.0,125155.0,74765.0,43962,673293.0,304406.0,42.63,Yes
BLR-07,Electronic City,Blinkit,Bangalore,South,350,2024-04,4,217,6510,319,2076690,1276225.0,800465.0,95000,258384,111798.0,186076.0,46268.0,47630,745156.0,55309.0,8.5,Yes
BLR-07,Electronic City,Blinkit,Bangalore,South,350,2024-05,5,265,7950,311,2472450,1449138.0,1023312.0,95000,239058,165379.0,191358.0,58428.0,43544,792766.0,230546.0,29.0,Yes
BLR-07,Electronic City,Blinkit,Bangalore,South,350,2024-06,6,262,7860,324,2546640,1558454.0,988186.0,95000,257142,114376.0,214607.0,51899.0,38764,771789.0,216398.0,27.53,Yes
BLR-07,Electronic City,Blinkit,Bangalore,South,350,2024-07,7,243,7290,293,2135970,1294422.0,841548.0,95000,254945,139127.0,206389.0,88043.0,39270,822774.0,18773.0,2.58,Yes
BLR-07,Electronic City,Blinkit,Bangalore,South,350,2024-08,8,208,6240,346,2159040,1377313.0,781727.0,95000,230800,118106.0,234631.0,93355.0,40232,812125.0,-30398.0,-4.87,No
BLR-07,Electronic City,Blinkit,Bangalore,South,350,2024-09,9,242,7260,373,2707980,1666893.0,1041087.0,95000,244490,151108.0,266182.0,61200.0,53889,871869.0,169218.0,23.31,Yes
BLR-07,Electronic City,Blinkit,Bangalore,South,350,2024-10,10,303,9090,376,3417840,2077645.0,1340195.0,95000,259349,151723.0,247898.0,101682.0,40976,896628.0,443567.0,48.8,Yes
BLR-07,Electronic City,Blinkit,Bangalore,South,350,2024-11,11,286,8580,313,2685540,1612453.0,1073087.0,95000,232422,158269.0,196712.0,69103.0,32908,784415.0,288673.0,33.64,Yes
BLR-07,Electronic City,Blinkit,Bangalore,South,350,2024-12,12,258,7740,342,2647080,1623482.0,1023598.0,95000,222999,151123.0,223242.0,91919.0,50982,835265.0,188333.0,24.33,Yes
BLR-08,Marathahalli Hub,Zepto,Bangalore,East,400,2024-01,1,178,5340,308,1644720,993845.0,650875.0,115000,223780,87841.0,128988.0,56246.0,42397,654252.0,-3377.0,-0.63,No
BLR-08,Marathahalli Hub,Zepto,Bangalore,East,400,2024-02,2,190,5700,375,2137500,1310337.0,827163.0,115000,252225,111850.0,121219.0,58871.0,28953,688119.0,139044.0,24.39,Yes
BLR-08,Marathahalli Hub,Zepto,Bangalore,East,400,2024-03,3,189,5670,320,1814400,1065367.0,749033.0,115000,208535,88068.0,158348.0,51338.0,44319,665609.0,83424.0,14.71,Yes
BLR-08,Marathahalli Hub,Zepto,Bangalore,East,400,2024-04,4,200,6000,347,2082000,1282111.0,799889.0,115000,186352,123966.0,122505.0,64181.0,34904,646908.0,152981.0,25.5,Yes
BLR-08,Marathahalli Hub,Zepto,Bangalore,East,400,2024-05,5,159,4770,348,1659960,975384.0,684576.0,115000,171931,103959.0,123292.0,67930.0,29137,611248.0,73327.0,15.37,Yes
BLR-08,Marathahalli Hub,Zepto,Bangalore,East,400,2024-06,6,185,5550,376,2086800,1271806.0,814994.0,115000,163215,103188.0,147946.0,69311.0,31041,629702.0,185292.0,33.39,Yes
BLR-08,Marathahalli Hub,Zepto,Bangalore,East,400,2024-07,7,184,5520,312,1722240,1096143.0,626097.0,115000,285233,82318.0,74364.0,59852.0,43907,660674.0,-34577.0,-6.26,No
BLR-08,Marathahalli Hub,Zepto,Bangalore,East,400,2024-08,8,170,5100,286,1458600,859267.0,599333.0,115000,239648,74875.0,77147.0,53592.0,38637,598900.0,433.0,0.08,Yes
BLR-08,Marathahalli Hub,Zepto,Bangalore,East,400,2024-09,9,184,5520,359,1981680,1176209.0,805471.0,115000,296989,94077.0,198803.0,57311.0,44284,806465.0,-994.0,-0.18,No
BLR-08,Marathahalli Hub,Zepto,Bangalore,East,400,2024-10,10,251,7530,319,2402070,1475154.0,926916.0,115000,175789,142144.0,219519.0,116327.0,31808,800587.0,126330.0,16.78,Yes
BLR-08,Marathahalli Hub,Zepto,Bangalore,East,400,2024-11,11,231,6930,313,2169090,1344024.0,825066.0,115000,201171,110318.0,169668.0,53568.0,38386,688111.0,136955.0,19.76,Yes
BLR-08,Marathahalli Hub,Zepto,Bangalore,East,400,2024-12,12,177,5310,356,1890360,1149707.0,740653.0,115000,168556,84173.0,166517.0,77674.0,39877,651798.0,88855.0,16.73,Yes
MUM-01,Bandra West Express,Blinkit,Mumbai,West,600,2024-01,1,342,10260,313,3211380,2014401.0,1196979.0,220000,211857,178535.0,252500.0,126622.0,54766,1044280.0,152699.0,14.88,Yes
MUM-01,Bandra West Express,Blinkit,Mumbai,West,600,2024-02,2,309,9270,298,2762460,1614063.0,1148397.0,220000,203495,188561.0,212096.0,123557.0,34457,982167.0,166230.0,17.93,Yes
MUM-01,Bandra West Express,Blinkit,Mumbai,West,600,2024-03,3,293,8790,339,2979810,1851418.0,1128392.0,220000,265515,189349.0,222275.0,103739.0,27635,1028513.0,99880.0,11.36,Yes
MUM-01,Bandra West Express,Blinkit,Mumbai,West,600,2024-04,4,305,9150,335,3065250,1912937.0,1152313.0,220000,225632,129993.0,167326.0,123312.0,53197,919460.0,232853.0,25.45,Yes
MUM-01,Bandra West Express,Blinkit,Mumbai,West,600,2024-05,5,303,9090,282,2563380,1640497.0,922883.0,220000,230650,169165.0,248655.0,64740.0,42005,975215.0,-52332.0,-5.76,No
MUM-01,Bandra West Express,Blinkit,Mumbai,West,600,2024-06,6,308,9240,315,2910600,1719843.0,1190757.0,220000,274264,176283.0,204673.0,66179.0,36401,977801.0,212957.0,23.05,Yes
MUM-01,Bandra West Express,Blinkit,Mumbai,West,600,2024-07,7,268,8040,321,2580840,1600658.0,980182.0,220000,202159,133773.0,229280.0,73932.0,38122,897266.0,82917.0,10.31,Yes
MUM-01,Bandra West Express,Blinkit,Mumbai,West,600,2024-08,8,294,8820,350,3087000,1797257.0,1289743.0,220000,183084,145672.0,177556.0,151589.0,38244,916145.0,373598.0,42.36,Yes
MUM-01,Bandra West Express,Blinkit,Mumbai,West,600,2024-09,9,324,9720,280,2721600,1685921.0,1035679.0,220000,281104,168214.0,139105.0,83971.0,49787,942181.0,93498.0,9.62,Yes
MUM-01,Bandra West Express,Blinkit,Mumbai,West,600,2024-10,10,372,11160,336,3749760,2345848.0,1403912.0,220000,213361,180083.0,177631.0,107396.0,53863,952334.0,451578.0,40.46,Yes
MUM-01,Bandra West Express,Blinkit,Mumbai,West,600,2024-11,11,390,11700,295,3451500,2007849.0,1443651.0,220000,222730,230236.0,195344.0,70446.0,38369,977124.0,466527.0,39.87,Yes
MUM-01,Bandra West Express,Blinkit,Mumbai,West,600,2024-12,12,268,8040,294,2363760,1436426.0,927334.0,220000,190793,154221.0,112726.0,113412.0,34563,825715.0,101619.0,12.64,Yes
MUM-02,Andheri Central,Zepto,Mumbai,West,550,2024-01,1,641,19230,333,6403590,4034796.0,2368794.0,195000,283789,306716.0,508997.0,201762.0,44640,1540903.0,827891.0,43.05,Yes
MUM-02,Andheri Central,Zepto,Mumbai,West,550,2024-02,2,612,18360,297,5452920,3445382.0,2007538.0,195000,232416,370531.0,559976.0,164658.0,50811,1573391.0,434147.0,23.65,Yes
MUM-02,Andheri Central,Zepto,Mumbai,West,550,2024-03,3,557,16710,280,4678800,2793105.0,1885695.0,195000,238264,345894.0,361961.0,186208.0,53352,1380678.0,505017.0,30.22,Yes
MUM-02,Andheri Central,Zepto,Mumbai,West,550,2024-04,4,509,15270,348,5313960,3236523.0,2077437.0,195000,247147,281202.0,405250.0,178870.0,35544,1343013.0,734424.0,48.1,Yes
MUM-02,Andheri Central,Zepto,Mumbai,West,550,2024-05,5,605,18150,369,6697350,3980425.0,2716925.0,195000,260393,288013.0,609265.0,142717.0,49402,1544790.0,1172135.0,64.58,Yes
MUM-02,Andheri Central,Zepto,Mumbai,West,550,2024-06,6,552,16560,328,5431680,3276198.0,2155482.0,195000,199873,297461.0,211126.0,190482.0,44339,1138281.0,1017201.0,61.43,Yes
MUM-02,Andheri Central,Zepto,Mumbai,West,550,2024-07,7,490,14700,292,4292400,2714734.0,1577666.0,195000,275423,217526.0,459477.0,87824.0,29723,1264973.0,312692.0,21.27,Yes
MUM-02,Andheri Central,Zepto,Mumbai,West,550,2024-08,8,500,15000,363,5445000,3474985.0,1970015.0,195000,179615,266339.0,612655.0,164204.0,47698,1465511.0,504504.0,33.63,Yes
MUM-02,Andheri Central,Zepto,Mumbai,West,550,2024-09,9,542,16260,290,4715400,2975917.0,1739483.0,195000,299885,277072.0,291638.0,195979.0,49884,1309458.0,430025.0,26.45,Yes
MUM-02,Andheri Central,Zepto,Mumbai,West,550,2024-10,10,692,20760,349,7245240,4217845.0,3027395.0,195000,177936,329631.0,599474.0,207369.0,32454,1541863.0,1485532.0,71.56,Yes
MUM-02,Andheri Central,Zepto,Mumbai,West,550,2024-11,11,736,22080,335,7396800,4724338.0,2672462.0,195000,186347,387491.0,676904.0,348409.0,26507,1820659.0,851803.0,38.58,Yes
MUM-02,Andheri Central,Zepto,Mumbai,West,550,2024-12,12,532,15960,287,4580520,2737328.0,1843192.0,195000,258262,278430.0,244454.0,148233.0,47341,1171719.0,671472.0,42.07,Yes
MUM-03,Powai Tech Hub,Blinkit,Mumbai,East,480,2024-01,1,303,9090,290,2636100,1625339.0,1010761.0,170000,260281,172325.0,144492.0,124911.0,29689,901699.0,109063.0,12.0,Yes
MUM-03,Powai Tech Hub,Blinkit,Mumbai,East,480,2024-02,2,308,9240,361,3335640,1985502.0,1350138.0,170000,226932,178653.0,333304.0,113270.0,34425,1056584.0,293554.0,31.77,Yes
MUM-03,Powai Tech Hub,Blinkit,Mumbai,East,480,2024-03,3,312,9360,300,2808000,1641084.0,1166916.0,170000,250587,204995.0,157378.0,137201.0,47620,967781.0,199135.0,21.28,Yes
MUM-03,Powai Tech Hub,Blinkit,Mumbai,East,480,2024-04,4,282,8460,318,2690280,1592519.0,1097761.0,170000,260845,176194.0,115933.0,84585.0,36762,844318.0,253442.0,29.96,Yes
MUM-03,Powai Tech Hub,Blinkit,Mumbai,East,480,2024-05,5,305,9150,369,3376350,2018091.0,1358259.0,170000,263758,148192.0,258137.0,136992.0,49401,1026480.0,331779.0,36.26,Yes
MUM-03,Powai Tech Hub,Blinkit,Mumbai,East,480,2024-06,6,334,10020,357,3577140,2234676.0,1342464.0,170000,235024,202463.0,195789.0,157601.0,32176,993054.0,349409.0,34.87,Yes
MUM-03,Powai Tech Hub,Blinkit,Mumbai,East,480,2024-07,7,285,8550,359,3069450,1826438.0,1243012.0,170000,195855,162672.0,307588.0,120906.0,35123,992144.0,250868.0,29.34,Yes
MUM-03,Powai Tech Hub,Blinkit,Mumbai,East,480,2024-08,8,295,8850,284,2513400,1545174.0,968226.0,170000,194448,130281.0,147430.0,106630.0,30755,779544.0,188682.0,21.32,Yes
MUM-03,Powai Tech Hub,Blinkit,Mumbai,East,480,2024-09,9,278,8340,380,3169200,1940705.0,1228495.0,170000,255907,152178.0,329179.0,142342.0,33420,1083027.0,145468.0,17.44,Yes
MUM-03,Powai Tech Hub,Blinkit,Mumbai,East,480,2024-10,10,412,12360,341,4214760,2689198.0,1525562.0,170000,237369,246860.0,270657.0,98858.0,27467,1051210.0,474352.0,38.38,Yes
MUM-03,Powai Tech Hub,Blinkit,Mumbai,East,480,2024-11,11,342,10260,308,3160080,1995933.0,1164147.0,170000,264179,223034.0,312464.0,97878.0,50909,1118464.0,45683.0,4.45,Yes
MUM-03,Powai Tech Hub,Blinkit,Mumbai,East,480,2024-12,12,292,8760,313,2741880,1678563.0,1063317.0,170000,279219,148470.0,251585.0,76402.0,37485,963162.0,100155.0,11.43,Yes
MUM-04,Malad Store,Zepto,Mumbai,West,420,2024-01,1,593,17790,293,5212470,3234287.0,1978183.0,155000,283594,252622.0,537241.0,192039.0,54991,1475487.0,502697.0,28.26,Yes
MUM-04,Malad Store,Zepto,Mumbai,West,420,2024-02,2,550,16500,362,5973000,3486996.0,2486004.0,155000,281704,351039.0,335668.0,192623.0,29580,1345614.0,1140391.0,69.11,Yes
MUM-04,Malad Store,Zepto,Mumbai,West,420,2024-03,3,434,13020,284,3697680,2212181.0,1485499.0,155000,289138,194375.0,195061.0,133584.0,37735,1004893.0,480606.0,36.91,Yes
MUM-04,Malad Store,Zepto,Mumbai,West,420,2024-04,4,482,14460,365,5277900,3361826.0,1916074.0,155000,269871,270384.0,494834.0,245752.0,46460,1482300.0,433774.0,30.0,Yes
MUM-04,Malad Store,Zepto,Mumbai,West,420,2024-05,5,441,13230,342,4524660,2791440.0,1733220.0,155000,233332,188683.0,291604.0,150678.0,32736,1052032.0,681188.0,51.49,Yes
MUM-04,Malad Store,Zepto,Mumbai,West,420,2024-06,6,529,15870,292,4634040,2960483.0,1673557.0,155000,256294,291305.0,525015.0,142544.0,38046,1408205.0,265353.0,16.72,Yes
MUM-04,Malad Store,Zepto,Mumbai,West,420,2024-07,7,424,12720,295,3752400,2390056.0,1362344.0,155000,279201,187409.0,204237.0,147037.0,25699,998582.0,363761.0,28.6,Yes
MUM-04,Malad Store,Zepto,Mumbai,West,420,2024-08,8,400,12000,322,3864000,2297589.0,1566411.0,155000,193010,243550.0,194433.0,173472.0,43160,1002625.0,563786.0,46.98,Yes
MUM-04,Malad Store,Zepto,Mumbai,West,420,2024-09,9,453,13590,307,4172130,2623365.0,1548765.0,155000,221079,225981.0,203853.0,196157.0,25092,1027161.0,521604.0,38.38,Yes
MUM-04,Malad Store,Zepto,Mumbai,West,420,2024-10,10,577,17310,298,5158380,3297503.0,1860877.0,155000,225707,352918.0,241348.0,237252.0,29318,1241543.0,619334.0,35.78,Yes
MUM-04,Malad Store,Zepto,Mumbai,West,420,2024-11,11,538,16140,380,6133200,3644813.0,2488387.0,155000,244874,227998.0,334755.0,145987.0,38794,1147407.0,1340980.0,83.08,Yes
MUM-04,Malad Store,Zepto,Mumbai,West,420,2024-12,12,491,14730,375,5523750,3224840.0,2298910.0,155000,277512,297902.0,392104.0,128547.0,41509,1292573.0,1006338.0,68.32,Yes
MUM-05,Thane Express,Blinkit,Mumbai,East,400,2024-01,1,327,9810,285,2795850,1743589.0,1052261.0,135000,296695,161012.0,239222.0,58530.0,40695,931154.0,121108.0,12.35,Yes
MUM-05,Thane Express,Blinkit,Mumbai,East,400,2024-02,2,320,9600,334,3206400,1991706.0,1214694.0,135000,288521,189112.0,225516.0,150630.0,35554,1024334.0,190360.0,19.83,Yes
MUM-05,Thane Express,Blinkit,Mumbai,East,400,2024-03,3,275,8250,288,2376000,1396070.0,979930.0,135000,245245,140640.0,183844.0,68540.0,41565,814834.0,165096.0,20.01,Yes
MUM-05,Thane Express,Blinkit,Mumbai,East,400,2024-04,4,275,8250,292,2409000,1511854.0,897146.0,135000,189992,171784.0,208802.0,103753.0,48620,857951.0,39194.0,4.75,Yes
MUM-05,Thane Express,Blinkit,Mumbai,East,400,2024-05,5,292,8760,335,2934600,1781576.0,1153024.0,135000,219898,151640.0,283788.0,93795.0,48907,933028.0,219996.0,25.11,Yes
MUM-05,Thane Express,Blinkit,Mumbai,East,400,2024-06,6,242,7260,334,2424840,1451876.0,972964.0,135000,226817,123379.0,113706.0,115640.0,27199,741741.0,231223.0,31.85,Yes
MUM-05,Thane Express,Blinkit,Mumbai,East,400,2024-07,7,223,6690,290,1940100,1136111.0,803989.0,135000,185313,133510.0,118971.0,46375.0,26965,646134.0,157855.0,23.6,Yes
MUM-05,Thane Express,Blinkit,Mumbai,East,400,2024-08,8,252,7560,351,2653560,1628492.0,1025068.0,135000,192042,130686.0,268429.0,127992.0,38858,893006.0,132061.0,17.47,Yes
MUM-05,Thane Express,Blinkit,Mumbai,East,400,2024-09,9,292,8760,372,3258720,1900117.0,1358603.0,135000,235400,164717.0,194187.0,121673.0,31971,882948.0,475656.0,54.3,Yes
MUM-05,Thane Express,Blinkit,Mumbai,East,400,2024-10,10,308,9240,341,3150840,1869881.0,1280959.0,135000,188368,155240.0,237011.0,73876.0,34128,823624.0,457336.0,49.5,Yes
MUM-05,Thane Express,Blinkit,Mumbai,East,400,2024-11,11,342,10260,334,3426840,2161340.0,1265500.0,135000,166882,193626.0,300296.0,139829.0,25948,961582.0,303919.0,29.62,Yes
MUM-05,Thane Express,Blinkit,Mumbai,East,400,2024-12,12,248,7440,369,2745360,1717894.0,1027466.0,135000,249082,125053.0,140470.0,66706.0,46539,762849.0,264617.0,35.57,Yes
MUM-06,Dadar Hub,Zepto,Mumbai,Central,360,2024-01,1,313,9390,374,3511860,2170295.0,1341565.0,175000,168036,138353.0,268374.0,109871.0,39865,899500.0,442065.0,47.08,Yes
MUM-06,Dadar Hub,Zepto,Mumbai,Central,360,2024-02,2,336,10080,327,3296160,1973405.0,1322755.0,175000,245035,203764.0,252815.0,74324.0,26723,977662.0,345093.0,34.24,Yes
MUM-06,Dadar Hub,Zepto,Mumbai,Central,360,2024-03,3,291,8730,376,3282480,2025521.0,1256959.0,175000,181386,141224.0,282424.0,113475.0,39484,932992.0,323967.0,37.11,Yes
MUM-06,Dadar Hub,Zepto,Mumbai,Central,360,2024-04,4,311,9330,307,2864310,1791043.0,1073267.0,175000,189836,156384.0,131296.0,115565.0,44435,812515.0,260751.0,27.95,Yes
MUM-06,Dadar Hub,Zepto,Mumbai,Central,360,2024-05,5,316,9480,365,3460200,2070948.0,1389252.0,175000,217807,162697.0,273197.0,70002.0,34876,933579.0,455673.0,48.07,Yes
MUM-06,Dadar Hub,Zepto,Mumbai,Central,360,2024-06,6,351,10530,378,3980340,2341372.0,1638968.0,175000,226982,171803.0,174194.0,139000.0,39111,926089.0,712879.0,67.7,Yes
MUM-06,Dadar Hub,Zepto,Mumbai,Central,360,2024-07,7,269,8070,328,2646960,1619820.0,1027140.0,175000,220322,145277.0,259175.0,116959.0,27361,944094.0,83046.0,10.29,Yes
MUM-06,Dadar Hub,Zepto,Mumbai,Central,360,2024-08,8,285,8550,374,3197700,1862782.0,1334918.0,175000,164912,151147.0,129172.0,93986.0,39066,753283.0,581635.0,68.03,Yes
MUM-06,Dadar Hub,Zepto,Mumbai,Central,360,2024-09,9,323,9690,370,3585300,2217180.0,1368120.0,175000,235894,144588.0,138580.0,106638.0,51257,851957.0,516163.0,53.27,Yes
MUM-06,Dadar Hub,Zepto,Mumbai,Central,360,2024-10,10,440,13200,338,4461600,2810458.0,1651142.0,175000,254857,194107.0,453434.0,121799.0,44296,1243493.0,407649.0,30.88,Yes
MUM-06,Dadar Hub,Zepto,Mumbai,Central,360,2024-11,11,388,11640,290,3375600,2038005.0,1337595.0,175000,241336,232409.0,176468.0,146412.0,27502,999127.0,338468.0,29.08,Yes
MUM-06,Dadar Hub,Zepto,Mumbai,Central,360,2024-12,12,318,9540,294,2804760,1716054.0,1088706.0,175000,210830,202700.0,174909.0,117299.0,51835,932573.0,156133.0,16.37,Yes
DEL-01,Gurugram Cyber City,Blinkit,Delhi NCR,South,580,2024-01,1,769,23070,310,7151700,4192100.0,2959600.0,175000,227100,359388.0,554564.0,306139.0,46479,1668670.0,1290930.0,55.96,Yes
DEL-01,Gurugram Cyber City,Blinkit,Delhi NCR,South,580,2024-02,2,642,19260,378,7280280,4496861.0,2783419.0,175000,281622,385885.0,679859.0,243650.0,53902,1819918.0,963501.0,50.03,Yes
DEL-01,Gurugram Cyber City,Blinkit,Delhi NCR,South,580,2024-03,3,660,19800,361,7147800,4568816.0,2578984.0,175000,244727,414097.0,618006.0,175326.0,27237,1654393.0,924591.0,46.7,Yes
DEL-01,Gurugram Cyber City,Blinkit,Delhi NCR,South,580,2024-04,4,645,19350,360,6966000,4166847.0,2799153.0,175000,232004,362452.0,425990.0,154824.0,40130,1390400.0,1408753.0,72.8,Yes
DEL-01,Gurugram Cyber City,Blinkit,Delhi NCR,South,580,2024-05,5,642,19260,287,5527620,3328314.0,2199306.0,175000,235255,281463.0,544878.0,252385.0,45152,1534133.0,665173.0,34.54,Yes
DEL-01,Gurugram Cyber City,Blinkit,Delhi NCR,South,580,2024-06,6,664,19920,329,6553680,3983082.0,2570598.0,175000,170753,350550.0,626053.0,259232.0,35535,1617122.0,953476.0,47.87,Yes
DEL-01,Gurugram Cyber City,Blinkit,Delhi NCR,South,580,2024-07,7,613,18390,344,6326160,3726435.0,2599725.0,175000,176219,323741.0,586228.0,285445.0,48406,1595039.0,1004686.0,54.63,Yes
DEL-01,Gurugram Cyber City,Blinkit,Delhi NCR,South,580,2024-08,8,538,16140,362,5842680,3449247.0,2393433.0,175000,224944,317328.0,617133.0,208713.0,44982,1588100.0,805333.0,49.9,Yes
DEL-01,Gurugram Cyber City,Blinkit,Delhi NCR,South,580,2024-09,9,596,17880,327,5846760,3713138.0,2133622.0,175000,261558,308790.0,373557.0,221806.0,50861,1391572.0,742050.0,41.5,Yes
DEL-01,Gurugram Cyber City,Blinkit,Delhi NCR,South,580,2024-10,10,838,25140,322,8095080,4727160.0,3367920.0,175000,184774,464178.0,502912.0,223099.0,52904,1602867.0,1765053.0,70.21,Yes
DEL-01,Gurugram Cyber City,Blinkit,Delhi NCR,South,580,2024-11,11,843,25290,357,9028530,5709613.0,3318917.0,175000,247388,370549.0,797253.0,428877.0,35165,2054232.0,1264684.0,50.01,Yes
DEL-01,Gurugram Cyber City,Blinkit,Delhi NCR,South,580,2024-12,12,722,21660,369,7992540,4953202.0,3039338.0,175000,193803,406349.0,854726.0,234081.0,37343,1901302.0,1138037.0,52.54,Yes
DEL-02,Noida Sector 18,Zepto,Delhi NCR,East,520,2024-01,1,685,20550,296,6082800,3772595.0,2310205.0,155000,297990,303064.0,529879.0,214447.0,25597,1525976.0,784228.0,38.16,Yes
DEL-02,Noida Sector 18,Zepto,Delhi NCR,East,520,2024-02,2,619,18570,303,5626710,3584609.0,2042101.0,155000,249583,400766.0,424247.0,150775.0,29507,1409878.0,632223.0,34.05,Yes
DEL-02,Noida Sector 18,Zepto,Delhi NCR,East,520,2024-03,3,533,15990,317,5068830,3196737.0,1872093.0,155000,186513,288804.0,398865.0,213698.0,42253,1285133.0,586960.0,36.71,Yes
DEL-02,Noida Sector 18,Zepto,Delhi NCR,East,520,2024-04,4,517,15510,323,5009730,3169073.0,1840657.0,155000,194353,291246.0,248805.0,127374.0,47703,1064482.0,776176.0,50.04,Yes
DEL-02,Noida Sector 18,Zepto,Delhi NCR,East,520,2024-05,5,619,18570,301,5589570,3483817.0,2105753.0,155000,171453,321017.0,491788.0,151622.0,39555,1330435.0,775318.0,41.75,Yes
DEL-02,Noida Sector 18,Zepto,Delhi NCR,East,520,2024-06,6,597,17910,376,6734160,4208259.0,2525901.0,155000,277683,284268.0,373273.0,329758.0,50702,1470684.0,1055217.0,58.92,Yes
DEL-02,Noida Sector 18,Zepto,Delhi NCR,East,520,2024-07,7,531,15930,304,4842720,2915659.0,1927061.0,155000,275499,281856.0,273526.0,152333.0,42283,1180497.0,746564.0,46.87,Yes
DEL-02,Noida Sector 18,Zepto,Delhi NCR,East,520,2024-08,8,524,15720,300,4716000,2966428.0,1749572.0,155000,196280,329869.0,196560.0,162314.0,37163,1077186.0,672387.0,42.77,Yes
DEL-02,Noida Sector 18,Zepto,Delhi NCR,East,520,2024-09,9,589,17670,293,5177310,3223828.0,1953482.0,155000,295242,367701.0,303709.0,222073.0,33938,1377663.0,575819.0,32.59,Yes
DEL-02,Noida Sector 18,Zepto,Delhi NCR,East,520,2024-10,10,718,21540,345,7431300,4375854.0,3055446.0,155000,274680,317364.0,740660.0,330701.0,53987,1872392.0,1183055.0,54.92,Yes
DEL-02,Noida Sector 18,Zepto,Delhi NCR,East,520,2024-11,11,701,21030,283,5951490,3600019.0,2351471.0,155000,263928,378878.0,317858.0,296597.0,37285,1449546.0,901925.0,42.89,Yes
DEL-02,Noida Sector 18,Zepto,Delhi NCR,East,520,2024-12,12,543,16290,320,5212800,3314557.0,1898243.0,155000,247894,331193.0,253603.0,149119.0,52189,1188998.0,709245.0,43.54,Yes
DEL-03,South Delhi Store,Blinkit,Delhi NCR,South,480,2024-01,1,511,15330,297,4553010,2848046.0,1704964.0,165000,282974,269636.0,172677.0,101882.0,33386,1025556.0,679408.0,44.32,Yes
DEL-03,South Delhi Store,Blinkit,Delhi NCR,South,480,2024-02,2,455,13650,299,4081350,2501575.0,1579775.0,165000,298352,237319.0,383093.0,110724.0,28992,1223480.0,356295.0,26.1,Yes
DEL-03,South Delhi Store,Blinkit,Delhi NCR,South,480,2024-03,3,395,11850,333,3946050,2439989.0,1506061.0,165000,279829,171854.0,391380.0,138092.0,42565,1188720.0,317341.0,26.78,Yes
DEL-03,South Delhi Store,Blinkit,Delhi NCR,South,480,2024-04,4,392,11760,345,4057200,2493161.0,1564039.0,165000,197637,192043.0,150058.0,124087.0,43699,872524.0,691515.0,58.8,Yes
DEL-03,South Delhi Store,Blinkit,Delhi NCR,South,480,2024-05,5,435,13050,365,4763250,2953657.0,1809593.0,165000,297228,284454.0,201208.0,170438.0,41624,1159951.0,649641.0,49.78,Yes
DEL-03,South Delhi Store,Blinkit,Delhi NCR,South,480,2024-06,6,474,14220,344,4891680,2999818.0,1891862.0,165000,262355,298430.0,195661.0,154609.0,37232,1113286.0,778575.0,54.75,Yes
DEL-03,South Delhi Store,Blinkit,Delhi NCR,South,480,2024-07,7,384,11520,282,3248640,1953815.0,1294825.0,165000,177710,193057.0,289073.0,126202.0,50280,1001322.0,293503.0,25.48,Yes
DEL-03,South Delhi Store,Blinkit,Delhi NCR,South,480,2024-08,8,416,12480,376,4692480,2815259.0,1877221.0,165000,171622,209894.0,283287.0,184339.0,52210,1066352.0,810870.0,64.97,Yes
DEL-03,South Delhi Store,Blinkit,Delhi NCR,South,480,2024-09,9,473,14190,339,4810410,3073126.0,1737284.0,165000,285444,270375.0,483648.0,105314.0,50434,1360215.0,377069.0,26.57,Yes
DEL-03,South Delhi Store,Blinkit,Delhi NCR,South,480,2024-10,10,614,18420,284,5231280,3126247.0,2105033.0,165000,171483,374458.0,519879.0,154155.0,35160,1420134.0,684898.0,37.18,Yes
DEL-03,South Delhi Store,Blinkit,Delhi NCR,South,480,2024-11,11,557,16710,349,5831790,3548084.0,2283706.0,165000,169599,334640.0,294251.0,179090.0,50586,1193166.0,1090540.0,65.26,Yes
DEL-03,South Delhi Store,Blinkit,Delhi NCR,South,480,2024-12,12,395,11850,363,4301550,2580566.0,1720984.0,165000,192630,241678.0,290144.0,137652.0,39409,1066513.0,654471.0,55.23,Yes
DEL-04,Dwarka Express,Zepto,Delhi NCR,West,420,2024-01,1,368,11040,303,3345120,2039761.0,1305359.0,130000,290422,187004.0,317540.0,93669.0,27707,1046341.0,259017.0,23.46,Yes
DEL-04,Dwarka Express,Zepto,Delhi NCR,West,420,2024-02,2,403,12090,290,3506100,2124123.0,1381977.0,130000,207305,222018.0,209323.0,78544.0,46657,893847.0,488130.0,40.37,Yes
DEL-04,Dwarka Express,Zepto,Delhi NCR,West,420,2024-03,3,330,9900,337,3336300,2055686.0,1280614.0,130000,271703,151798.0,232845.0,111479.0,48816,946641.0,333973.0,33.73,Yes
DEL-04,Dwarka Express,Zepto,Delhi NCR,West,420,2024-04,4,378,11340,325,3685500,2273552.0,1411948.0,130000,274017,183668.0,403790.0,178515.0,27458,1197448.0,214500.0,18.92,Yes
DEL-04,Dwarka Express,Zepto,Delhi NCR,West,420,2024-05,5,362,10860,331,3594660,2163262.0,1431398.0,130000,201939,234818.0,166860.0,137414.0,50602,921633.0,509765.0,46.94,Yes
DEL-04,Dwarka Express,Zepto,Delhi NCR,West,420,2024-06,6,342,10260,296,3036960,1773688.0,1263272.0,130000,256030,173365.0,308508.0,63690.0,30027,961620.0,301652.0,29.4,Yes
DEL-04,Dwarka Express,Zepto,Delhi NCR,West,420,2024-07,7,333,9990,327,3266730,1967619.0,1299111.0,130000,180155,185728.0,243070.0,104343.0,46284,889580.0,409531.0,40.99,Yes
DEL-04,Dwarka Express,Zepto,Delhi NCR,West,420,2024-08,8,303,9090,294,2672460,1554182.0,1118278.0,130000,208771,163550.0,165425.0,98481.0,33577,799804.0,318474.0,35.04,Yes
DEL-04,Dwarka Express,Zepto,Delhi NCR,West,420,2024-09,9,370,11100,370,4107000,2492031.0,1614969.0,130000,234862,217025.0,448155.0,106804.0,29447,1166294.0,448675.0,40.42,Yes
DEL-04,Dwarka Express,Zepto,Delhi NCR,West,420,2024-10,10,471,14130,337,4761810,2811179.0,1950631.0,130000,276683,310551.0,442091.0,233456.0,35472,1428253.0,522378.0,36.97,Yes
DEL-04,Dwarka Express,Zepto,Delhi NCR,West,420,2024-11,11,452,13560,370,5017200,2929525.0,2087675.0,130000,236116,286532.0,475062.0,207483.0,47944,1383136.0,704539.0,51.96,Yes
DEL-04,Dwarka Express,Zepto,Delhi NCR,West,420,2024-12,12,359,10770,326,3511020,2143567.0,1367453.0,130000,191814,235659.0,332355.0,95156.0,41188,1026172.0,341281.0,31.69,Yes
DEL-05,Rohini North,Blinkit,Delhi NCR,North,380,2024-01,1,171,5130,353,1810890,1090400.0,720490.0,115000,194018,96934.0,76705.0,53021.0,48492,584170.0,136320.0,26.57,Yes
DEL-05,Rohini North,Blinkit,Delhi NCR,North,380,2024-02,2,186,5580,347,1936260,1170755.0,765505.0,115000,267330,114874.0,80607.0,95209.0,46048,719067.0,46438.0,8.32,Yes
DEL-05,Rohini North,Blinkit,Delhi NCR,North,380,2024-03,3,144,4320,339,1464480,909159.0,555321.0,115000,250312,64915.0,144999.0,53511.0,44260,672997.0,-117675.0,-27.24,No
DEL-05,Rohini North,Blinkit,Delhi NCR,North,380,2024-04,4,148,4440,296,1314240,796373.0,517867.0,115000,174526,91691.0,97295.0,38276.0,30307,547094.0,-29227.0,-6.58,No
DEL-05,Rohini North,Blinkit,Delhi NCR,North,380,2024-05,5,154,4620,370,1709400,1014577.0,694823.0,115000,296025,97756.0,163866.0,47040.0,45809,765496.0,-70674.0,-15.3,No
DEL-05,Rohini North,Blinkit,Delhi NCR,North,380,2024-06,6,178,5340,315,1682100,988251.0,693849.0,115000,239383,101008.0,70375.0,65988.0,44392,636146.0,57703.0,10.81,Yes
DEL-05,Rohini North,Blinkit,Delhi NCR,North,380,2024-07,7,163,4890,299,1462110,863043.0,599067.0,115000,248504,101420.0,110154.0,65440.0,25929,666446.0,-67379.0,-13.78,No
DEL-05,Rohini North,Blinkit,Delhi NCR,North,380,2024-08,8,133,3990,362,1444380,904559.0,539821.0,115000,229377,76644.0,137525.0,46939.0,45938,651423.0,-111602.0,-27.97,No
DEL-05,Rohini North,Blinkit,Delhi NCR,North,380,2024-09,9,142,4260,360,1533600,939690.0,593910.0,115000,239192,76099.0,147120.0,62187.0,34746,674344.0,-80434.0,-18.88,No
DEL-05,Rohini North,Blinkit,Delhi NCR,North,380,2024-10,10,199,5970,368,2196960,1282134.0,914826.0,115000,275239,103430.0,148385.0,66361.0,29707,738122.0,176703.0,29.6,Yes
DEL-05,Rohini North,Blinkit,Delhi NCR,North,380,2024-11,11,192,5760,371,2136960,1280379.0,856581.0,115000,250536,125585.0,96914.0,66494.0,43404,697934.0,158648.0,27.54,Yes
DEL-05,Rohini North,Blinkit,Delhi NCR,North,380,2024-12,12,145,4350,310,1348500,819872.0,528628.0,115000,230116,76546.0,63053.0,29017.0,37587,551319.0,-22691.0,-5.22,No
HYD-01,Hitec City Hub,Blinkit,Hyderabad,West,520,2024-01,1,554,16620,300,4986000,3135240.0,1850760.0,145000,241976,257920.0,248064.0,248697.0,40296,1181953.0,668807.0,40.24,Yes
HYD-01,Hitec City Hub,Blinkit,Hyderabad,West,520,2024-02,2,565,16950,319,5407050,3297447.0,2109603.0,145000,183605,365474.0,397848.0,264949.0,32049,1388924.0,720678.0,42.52,Yes
HYD-01,Hitec City Hub,Blinkit,Hyderabad,West,520,2024-03,3,524,15720,286,4495920,2621267.0,1874653.0,145000,289733,295224.0,422396.0,180626.0,34363,1367342.0,507310.0,32.27,Yes
HYD-01,Hitec City Hub,Blinkit,Hyderabad,West,520,2024-04,4,518,15540,293,4553220,2758594.0,1794626.0,145000,229329,308004.0,418376.0,141050.0,38126,1279885.0,514741.0,33.12,Yes
HYD-01,Hitec City Hub,Blinkit,Hyderabad,West,520,2024-05,5,458,13740,351,4822740,2853516.0,1969224.0,145000,235655,200443.0,343879.0,207050.0,34165,1166192.0,803032.0,58.44,Yes
HYD-01,Hitec City Hub,Blinkit,Hyderabad,West,520,2024-06,6,554,16620,359,5966580,3704196.0,2262384.0,145000,191145,249787.0,265227.0,186133.0,36111,1073403.0,1188981.0,71.54,Yes
HYD-01,Hitec City Hub,Blinkit,Hyderabad,West,520,2024-07,7,479,14370,326,4684620,2929283.0,1755337.0,145000,212181,270439.0,316850.0,99350.0,26275,1070095.0,685242.0,47.69,Yes
HYD-01,Hitec City Hub,Blinkit,Hyderabad,West,520,2024-08,8,431,12930,322,4163460,2615644.0,1547816.0,145000,296139,228291.0,347230.0,147658.0,35746,1200064.0,347753.0,26.9,Yes
HYD-01,Hitec City Hub,Blinkit,Hyderabad,West,520,2024-09,9,567,17010,320,5443200,3210128.0,2233072.0,145000,238442,318934.0,388033.0,192098.0,41051,1323559.0,909514.0,53.47,Yes
HYD-01,Hitec City Hub,Blinkit,Hyderabad,West,520,2024-10,10,674,20220,318,6429960,3912589.0,2517371.0,145000,164361,342666.0,551115.0,317620.0,44126,1564888.0,952483.0,47.11,Yes
HYD-01,Hitec City Hub,Blinkit,Hyderabad,West,520,2024-11,11,612,18360,372,6829920,4318736.0,2511184.0,145000,166985,344714.0,396735.0,270927.0,50433,1374794.0,1136390.0,61.89,Yes
HYD-01,Hitec City Hub,Blinkit,Hyderabad,West,520,2024-12,12,523,15690,309,4848210,3021812.0,1826398.0,145000,285946,241063.0,409404.0,187102.0,52563,1321078.0,505320.0,32.21,Yes
HYD-02,Banjara Hills Store,Zepto,Hyderabad,Central,460,2024-01,1,346,10380,367,3809460,2264845.0,1544615.0,130000,188808,161163.0,255757.0,124049.0,38531,898308.0,646307.0,62.26,Yes
HYD-02,Banjara Hills Store,Zepto,Hyderabad,Central,460,2024-02,2,395,11850,332,3934200,2400291.0,1533909.0,130000,283628,248643.0,355964.0,86035.0,29524,1133794.0,400114.0,33.76,Yes
HYD-02,Banjara Hills Store,Zepto,Hyderabad,Central,460,2024-03,3,345,10350,351,3632850,2177904.0,1454946.0,130000,285402,188410.0,212673.0,91531.0,54888,962904.0,492042.0,47.54,Yes
HYD-02,Banjara Hills Store,Zepto,Hyderabad,Central,460,2024-04,4,346,10380,349,3622620,2178126.0,1444494.0,130000,229300,195981.0,180941.0,99244.0,43287,878752.0,565741.0,54.5,Yes
HYD-02,Banjara Hills Store,Zepto,Hyderabad,Central,460,2024-05,5,327,9810,318,3119580,1953701.0,1165879.0,130000,214336,191510.0,231866.0,107295.0,43366,918373.0,247506.0,25.23,Yes
HYD-02,Banjara Hills Store,Zepto,Hyderabad,Central,460,2024-06,6,379,11370,372,4229640,2522589.0,1707051.0,130000,191948,211343.0,315785.0,198255.0,37928,1085260.0,621792.0,54.69,Yes
HYD-02,Banjara Hills Store,Zepto,Hyderabad,Central,460,2024-07,7,340,10200,378,3855600,2422385.0,1433215.0,130000,236140,146233.0,423040.0,86253.0,39495,1061160.0,372055.0,36.48,Yes
HYD-02,Banjara Hills Store,Zepto,Hyderabad,Central,460,2024-08,8,328,9840,375,3690000,2246268.0,1443732.0,130000,212970,202936.0,207861.0,136015.0,33900,923682.0,520050.0,52.85,Yes
HYD-02,Banjara Hills Store,Zepto,Hyderabad,Central,460,2024-09,9,314,9420,358,3372360,2105882.0,1266478.0,130000,222726,150152.0,295624.0,121173.0,45904,965579.0,300900.0,31.94,Yes
HYD-02,Banjara Hills Store,Zepto,Hyderabad,Central,460,2024-10,10,402,12060,292,3521520,2129809.0,1391711.0,130000,283837,178541.0,324779.0,70978.0,43033,1031167.0,360544.0,29.9,Yes
HYD-02,Banjara Hills Store,Zepto,Hyderabad,Central,460,2024-11,11,479,14370,300,4311000,2605631.0,1705369.0,130000,284701,256067.0,218703.0,210883.0,35524,1135878.0,569491.0,39.63,Yes
HYD-02,Banjara Hills Store,Zepto,Hyderabad,Central,460,2024-12,12,326,9780,287,2806860,1780886.0,1025974.0,130000,183451,187956.0,156480.0,118339.0,52863,829089.0,196885.0,20.13,Yes
HYD-03,Gachibowli Express,Blinkit,Hyderabad,West,400,2024-01,1,192,5760,302,1739520,1052537.0,686983.0,115000,206081,123675.0,67742.0,78428.0,50819,641745.0,45238.0,7.85,Yes
HYD-03,Gachibowli Express,Blinkit,Hyderabad,West,400,2024-02,2,174,5220,375,1957500,1248352.0,709148.0,115000,235882,109693.0,76289.0,72504.0,28516,637884.0,71264.0,13.65,Yes
HYD-03,Gachibowli Express,Blinkit,Hyderabad,West,400,2024-03,3,175,5250,322,1690500,1009353.0,681147.0,115000,297446,94244.0,174242.0,76971.0,40336,798240.0,-117093.0,-22.3,No
HYD-03,Gachibowli Express,Blinkit,Hyderabad,West,400,2024-04,4,150,4500,294,1323000,793590.0,529410.0,115000,280301,86338.0,116048.0,27019.0,36046,660752.0,-131342.0,-29.19,No
HYD-03,Gachibowli Express,Blinkit,Hyderabad,West,400,2024-05,5,170,5100,352,1795200,1113857.0,681343.0,115000,210636,78560.0,181266.0,84215.0,52098,721776.0,-40433.0,-7.93,No
HYD-03,Gachibowli Express,Blinkit,Hyderabad,West,400,2024-06,6,156,4680,321,1502280,879141.0,623139.0,115000,185004,72438.0,67583.0,44630.0,33128,517783.0,105357.0,22.51,Yes
HYD-03,Gachibowli Express,Blinkit,Hyderabad,West,400,2024-07,7,128,3840,329,1263360,750602.0,512758.0,115000,229990,83068.0,72233.0,52665.0,25374,578330.0,-65572.0,-17.08,No
HYD-03,Gachibowli Express,Blinkit,Hyderabad,West,400,2024-08,8,137,4110,326,1339860,832812.0,507048.0,115000,176285,79497.0,96479.0,33217.0,47481,547959.0,-40911.0,-9.95,No
HYD-03,Gachibowli Express,Blinkit,Hyderabad,West,400,2024-09,9,159,4770,370,1764900,1105164.0,659736.0,115000,190779,91153.0,191057.0,54758.0,32236,674983.0,-15247.0,-3.2,No
HYD-03,Gachibowli Express,Blinkit,Hyderabad,West,400,2024-10,10,185,5550,297,1648350,1003336.0,645014.0,115000,279269,110899.0,133131.0,53531.0,42997,734827.0,-89813.0,-16.18,No
HYD-03,Gachibowli Express,Blinkit,Hyderabad,West,400,2024-11,11,218,6540,376,2459040,1505550.0,953490.0,115000,217255,131420.0,213248.0,93135.0,50800,820858.0,132632.0,20.28,Yes
HYD-03,Gachibowli Express,Blinkit,Hyderabad,West,400,2024-12,12,143,4290,337,1445730,884339.0,561391.0,115000,254839,62740.0,112930.0,31593.0,42945,620048.0,-58657.0,-13.67,No
CHN-01,Sholinganallur Hub,Zepto,Chennai,South,480,2024-01,1,407,12210,348,4249080,2502670.0,1746410.0,125000,246014,254406.0,282854.0,171700.0,48491,1128466.0,617944.0,50.61,Yes
CHN-01,Sholinganallur Hub,Zepto,Chennai,South,480,2024-02,2,447,13410,291,3902310,2473804.0,1428506.0,125000,276780,274496.0,283033.0,138132.0,39968,1137409.0,291097.0,21.71,Yes
CHN-01,Sholinganallur Hub,Zepto,Chennai,South,480,2024-03,3,405,12150,351,4264650,2591810.0,1672840.0,125000,240784,240403.0,278655.0,189750.0,49438,1124030.0,548810.0,45.17,Yes
CHN-01,Sholinganallur Hub,Zepto,Chennai,South,480,2024-04,4,371,11130,289,3216570,1874351.0,1342219.0,125000,250316,218182.0,234181.0,70146.0,54301,952126.0,390093.0,35.05,Yes
CHN-01,Sholinganallur Hub,Zepto,Chennai,South,480,2024-05,5,357,10710,340,3641400,2118946.0,1522454.0,125000,267182,165361.0,161573.0,142909.0,48897,910922.0,611532.0,57.1,Yes
CHN-01,Sholinganallur Hub,Zepto,Chennai,South,480,2024-06,6,412,12360,333,4115880,2479685.0,1636195.0,125000,260264,217391.0,421680.0,128929.0,27629,1180894.0,455302.0,36.84,Yes
CHN-01,Sholinganallur Hub,Zepto,Chennai,South,480,2024-07,7,383,11490,364,4182360,2645231.0,1537129.0,125000,194862,220933.0,269106.0,106040.0,42604,958545.0,578584.0,50.36,Yes
CHN-01,Sholinganallur Hub,Zepto,Chennai,South,480,2024-08,8,357,10710,296,3170160,1977138.0,1193022.0,125000,218376,221468.0,298037.0,156462.0,40171,1059514.0,133508.0,12.47,Yes
CHN-01,Sholinganallur Hub,Zepto,Chennai,South,480,2024-09,9,415,12450,349,4345050,2630700.0,1714350.0,125000,259425,256307.0,235978.0,132023.0,34032,1042765.0,671585.0,53.94,Yes
CHN-01,Sholinganallur Hub,Zepto,Chennai,South,480,2024-10,10,461,13830,372,5144760,3220257.0,1924503.0,125000,168445,283181.0,355223.0,221130.0,53958,1206937.0,717567.0,51.88,Yes
CHN-01,Sholinganallur Hub,Zepto,Chennai,South,480,2024-11,11,545,16350,310,5068500,3002401.0,2066099.0,125000,186449,306588.0,340992.0,203555.0,53580,1216163.0,849936.0,51.98,Yes
CHN-01,Sholinganallur Hub,Zepto,Chennai,South,480,2024-12,12,355,10650,374,3983100,2320770.0,1662330.0,125000,275071,169066.0,199754.0,182872.0,26849,978611.0,683719.0,64.2,Yes
CHN-02,T Nagar Central,Blinkit,Chennai,Central,440,2024-01,1,230,6900,317,2187300,1299365.0,887935.0,140000,243598,128477.0,198419.0,97447.0,32762,840703.0,47232.0,6.85,Yes
CHN-02,T Nagar Central,Blinkit,Chennai,Central,440,2024-02,2,218,6540,298,1948920,1245636.0,703284.0,140000,296642,103125.0,119656.0,42542.0,44387,746352.0,-43068.0,-6.59,No
CHN-02,T Nagar Central,Blinkit,Chennai,Central,440,2024-03,3,228,6840,302,2065680,1275680.0,790000.0,140000,271988,126176.0,83718.0,62657.0,46080,730619.0,59380.0,8.68,Yes
CHN-02,T Nagar Central,Blinkit,Chennai,Central,440,2024-04,4,217,6510,380,2473800,1512649.0,961151.0,140000,269137,112402.0,145194.0,63122.0,42626,772482.0,188669.0,28.98,Yes
CHN-02,T Nagar Central,Blinkit,Chennai,Central,440,2024-05,5,207,6210,308,1912680,1143867.0,768813.0,140000,197840,126971.0,194193.0,70524.0,38648,768176.0,637.0,0.1,Yes
CHN-02,T Nagar Central,Blinkit,Chennai,Central,440,2024-06,6,211,6330,297,1880010,1134220.0,745790.0,140000,226845,98917.0,156074.0,89614.0,52758,764208.0,-18418.0,-2.91,No
CHN-02,T Nagar Central,Blinkit,Chennai,Central,440,2024-07,7,186,5580,348,1941840,1210689.0,731151.0,140000,209933,80421.0,127437.0,74079.0,26295,658165.0,72986.0,13.08,Yes
CHN-02,T Nagar Central,Blinkit,Chennai,Central,440,2024-08,8,209,6270,304,1906080,1197550.0,708530.0,140000,216889,111826.0,196802.0,57161.0,54785,777463.0,-68933.0,-10.99,No
CHN-02,T Nagar Central,Blinkit,Chennai,Central,440,2024-09,9,184,5520,304,1678080,1070153.0,607927.0,140000,190753,110262.0,161079.0,79597.0,47794,729485.0,-121558.0,-22.02,No
CHN-02,T Nagar Central,Blinkit,Chennai,Central,440,2024-10,10,267,8010,306,2451060,1479945.0,971115.0,140000,222739,147517.0,226523.0,77012.0,42486,856277.0,114838.0,14.34,Yes
CHN-02,T Nagar Central,Blinkit,Chennai,Central,440,2024-11,11,270,8100,319,2583900,1539213.0,1044687.0,140000,294431,170606.0,178426.0,113910.0,48672,946045.0,98642.0,12.18,Yes
CHN-02,T Nagar Central,Blinkit,Chennai,Central,440,2024-12,12,207,6210,320,1987200,1261593.0,725607.0,140000,257178,102486.0,82617.0,91257.0,49289,722827.0,2780.0,0.45,Yes
CHN-03,Anna Nagar Store,Zepto,Chennai,North,380,2024-01,1,177,5310,350,1858500,1182165.0,676335.0,110000,269465,86880.0,98762.0,49995.0,43670,658771.0,17564.0,3.31,Yes
CHN-03,Anna Nagar Store,Zepto,Chennai,North,380,2024-02,2,217,6510,343,2232930,1368872.0,864058.0,110000,248490,104542.0,217091.0,109403.0,46027,835552.0,28505.0,4.38,Yes
CHN-03,Anna Nagar Store,Zepto,Chennai,North,380,2024-03,3,193,5790,338,1957020,1154826.0,802194.0,110000,252320,88900.0,169110.0,67810.0,54142,742282.0,59912.0,10.35,Yes
CHN-03,Anna Nagar Store,Zepto,Chennai,North,380,2024-04,4,184,5520,362,1998240,1273747.0,724493.0,110000,297348,78774.0,205842.0,96626.0,46896,835486.0,-110993.0,-20.11,No
CHN-03,Anna Nagar Store,Zepto,Chennai,North,380,2024-05,5,163,4890,280,1369200,828015.0,541185.0,110000,220668,71119.0,64687.0,36368.0,39942,542785.0,-1599.0,-0.33,No
CHN-03,Anna Nagar Store,Zepto,Chennai,North,380,2024-06,6,177,5310,359,1906290,1178590.0,727700.0,110000,286669,102346.0,72940.0,68562.0,38478,678996.0,48704.0,9.17,Yes
CHN-03,Anna Nagar Store,Zepto,Chennai,North,380,2024-07,7,148,4440,347,1540680,960354.0,580326.0,110000,235153,62769.0,151332.0,61968.0,51416,672637.0,-92312.0,-20.79,No
CHN-03,Anna Nagar Store,Zepto,Chennai,North,380,2024-08,8,186,5580,302,1685160,988213.0,696947.0,110000,185248,101529.0,87868.0,65036.0,33271,582952.0,113995.0,20.43,Yes
CHN-03,Anna Nagar Store,Zepto,Chennai,North,380,2024-09,9,196,5880,314,1846320,1158928.0,687392.0,110000,180714,99868.0,126002.0,68222.0,47847,632653.0,54739.0,9.31,Yes
CHN-03,Anna Nagar Store,Zepto,Chennai,North,380,2024-10,10,213,6390,367,2345130,1476690.0,868440.0,110000,181133,122879.0,240680.0,100342.0,28063,783098.0,85342.0,13.36,Yes
CHN-03,Anna Nagar Store,Zepto,Chennai,North,380,2024-11,11,223,6690,328,2194320,1345474.0,848846.0,110000,174710,127739.0,194208.0,49330.0,52699,708685.0,140161.0,20.95,Yes
CHN-03,Anna Nagar Store,Zepto,Chennai,North,380,2024-12,12,180,5400,380,2052000,1230946.0,821054.0,110000,184998,114255.0,209628.0,55184.0,54532,728597.0,92457.0,17.12,Yes
